rank,city,score,dataConfidence,infrastructure,safety,usage,connectivity,policy,comfort,cycleNetworkEquivalentNormalized,pedestrianAreasNormalized,roadVictimsNormalized,motorizationRateNormalized,publicTransportPassengersNormalized,publicTransportOfferNormalized,ztlNormalized,nitrogenDioxideNormalized,pm10Normalized,pm25Normalized,ozoneNormalized,fiabBikeSmileNormalized,bikeModalSharePercentNormalized,externalPolicyScoreNormalized
1,Parma,76.18,100,81.46,47.09,,100,64.5,33.69,81.46,96.47,48.18,45.07,100,100,59.84,36.05,27.39,42.9,26.51,75,,
2,Treviso,74.6,100,100,50.15,83.33,73.64,,22.65,100,19.85,51.86,46.96,53.28,88.38,20.53,30.67,1.74,0,65.06,,83.33,
3,Venezia,74.44,100,41.78,84.43,,97.11,,20.41,41.78,100,76.05,100,100,95.02,20.32,21.93,0,,49.4,,,
4,Brescia,71.32,100,67.26,46.7,,100,,17.42,67.26,29.45,47.27,45.63,100,100,58.66,27.12,6.43,10.47,25.3,,,
5,Forlì,69.43,100,76.22,34.43,,97.63,,55.89,76.22,20.23,33.6,35.96,100,95.91,26.72,45.07,61.52,63.6,55.42,,,
6,Padova,68.42,100,94.69,29.78,,80.79,,9.62,94.69,40.9,19.56,48.76,60.49,95.49,64.01,12,0,0,30.12,,,
7,Mantova,65.92,100,100,31.51,,66.25,,29.12,100,25.87,27.87,38.27,56.7,73.16,100,45.96,7.25,29.97,30.12,,,
8,Cosenza,65.27,100,100,61.68,,34.12,,,100,100,86.1,16.32,0,58.82,11.1,,,,,,,
9,Piacenza,64.12,100,81.89,31.33,,79.13,64.5,26.15,81.89,68.96,25.01,43.08,100,64.02,,50.59,33.33,10.55,0,75,,
10,Rimini,63.06,100,66.98,22.2,,100,86,43.96,66.98,100,10.45,44.01,100,100,100,30.96,35.84,40.21,78.31,100,,
11,Verbania,63.06,100,100,32.14,,57.04,,77.43,100,100,33.72,29.21,80.39,40.14,,76.71,100,78.13,49.4,,,
12,Cremona,62.77,100,100,27.89,,60.41,,17.09,100,70.81,20.79,41.07,30.41,82.14,34.59,32.06,0,0,37.35,,,
13,Ferrara,62.27,100,92.22,43.12,90,51.48,86,44.69,92.22,43.8,46.93,36.05,73.51,35.53,100,53.16,40.79,26.94,59.04,100,90,
14,Trento,61.42,100,35.24,56.26,,92.75,64.5,45.1,35.24,11.37,68.88,32.82,82.75,100,27.42,12.54,67.93,50.19,59.04,75,,
15,Reggio Emilia,60.09,100,100,24.34,,55.92,86,34.16,100,64.1,37.44,0,56.51,55.5,44.43,36.7,26.33,46.02,25.3,100,,
16,Cesena,59.89,100,100,38.09,,41.59,86,52.94,100,0,41.84,31.14,49.34,35.98,52.79,59.03,55.6,,55.42,100,,
17,Benevento,59.21,100,92.15,66.74,,18.75,,49.42,92.15,42.59,87.34,28.47,4.93,28.75,43.97,57.75,32.48,32.29,79.52,,,
18,Belluno,58.11,100,65.46,65.87,,43,,68.67,65.46,33.01,86.21,28.09,55.08,34.26,,55.28,83.84,,89.16,,,
19,Sondrio,57.21,100,100,71.62,,0,,61.57,100,43.63,83.26,50,0,0,,57.63,71.37,33.46,90.36,,,
20,Firenze,56.79,100,46.75,23.63,,100,,38.26,46.75,100,0,67.5,100,100,100,12.08,47.07,70.07,,,,
21,Massa,56.05,100,100,11.57,,56.59,,72.86,100,10.37,0,33.07,0,97.57,,83.04,73.35,77.72,,,,
22,Pavia,55.92,100,45.95,31.11,,90.71,,17.3,45.95,48.26,18.44,54.65,100,83.99,94.33,28.05,19.63,10.11,7.23,,,
23,Trieste,55.55,100,12.75,53.91,,100,,68.17,12.75,57.89,46.36,67.92,100,100,,41.76,82.46,78.43,77.11,,,
24,Pisa,55.05,100,77.77,16.17,,71.21,,70.44,77.77,56.21,0,46.19,31.46,100,100,57.75,61.51,71.91,98.8,,,
25,La Spezia,54.96,100,18.76,46.12,,100,,80.06,18.76,0,31.22,73.78,100,100,0,39.61,94.72,97.98,100,,,
26,Modena,54.6,100,88.95,21.33,,53.53,,17.51,88.95,24.61,15.62,31.92,58.87,49.66,41.94,21.96,15.07,14.15,18.07,,,
27,Lodi,53.76,100,100,53.83,,7.46,,17.49,100,18.42,54.07,53.38,0.23,12.69,,33.61,12.89,16.74,0,,,
28,Vicenza,52.46,100,62.05,47.46,,47.86,,19.28,62.05,18.78,51.4,40.14,44.95,49.96,,44.99,0,0,28.92,,,
29,Pordenone,51.19,100,80.65,42.54,,30.38,64.5,45.81,80.65,11.36,54.33,20.65,12.58,43.27,57.94,21.92,55.5,40.73,75.9,75,,
30,Bologna,50.97,100,64.84,34.07,,54,88.34,49.94,64.84,28.46,13.27,72.71,56.3,52.34,85.43,30.88,67.78,62.16,40.96,100,,66.7
31,Milano,50.9,100,20.24,32.47,,100,,8.15,20.24,73.45,7.75,78.39,100,100,10.89,0,19.14,13.47,0,,,
32,Cuneo,50.59,100,100,34.84,,16.93,,69.39,100,46.36,51.44,4.02,14.71,18.53,45.31,64.07,60.93,77.11,78.31,,,
33,Aosta,50.57,100,49.31,50.67,,51.73,,76.15,49.31,0,60.28,32.82,11.9,80.57,100,51.54,93.05,94.75,68.67,,,
34,Siena,49.02,100,9.01,38.06,,100,,81.2,9.01,100,42.87,29.12,100,100,,100,87.71,,,,,
35,Cagliari,48.56,100,21.92,60.6,,63.16,,54.66,21.92,22.32,77.29,29.6,41.53,78.83,,59.85,4.03,65.68,96.39,,,
36,Bergamo,48.08,100,73.61,16.57,,54.05,,10.23,73.61,22.45,0,47.33,65.04,46.09,45.83,0.66,40.11,0,0,,,
37,Verona,47.23,100,45.01,34.69,,62,,14.86,45.01,11.28,33.2,37.47,90.65,41.26,,33.59,0,0.83,22.89,,,
38,Catanzaro,46.45,100,26.79,69.85,,42.7,,,26.79,,96.63,20.12,17.21,61.16,,,,,,,,
39,Pescara,45.82,100,27.2,53.64,,56.61,,66.34,27.2,23.16,57.43,46.61,25.38,79.22,2.41,51.91,61.07,69.7,90.36,,,
40,Teramo,45.67,100,57.32,62.75,,16.95,,68.35,57.32,,90.92,10.44,0,29.23,100,52.21,79.61,92.93,,,,
41,Oristano,45.02,100,42.92,55.68,,36.46,,,42.92,35.84,75.97,18,12.1,54.1,,,,,,,,
42,Vercelli,44.5,100,83.38,50.05,,0.07,,45.4,83.38,,61.17,29.41,0.16,0,27.87,57.75,50.26,48.56,16.87,,,
43,Ravenna,44.43,100,79.64,17.78,,35.87,86,57.06,79.64,75.27,18.27,16.86,41.2,32.01,35.91,57.52,43.43,53.15,78.31,100,,
44,Bolzano,44.1,100,77.33,16.8,83.33,38.16,86,64.48,77.33,27.1,8.17,32.82,32.12,42.53,31.35,25.86,87.94,77.28,77.11,100,83.33,
45,Torino,44.01,100,32,42.91,,57.11,43,15.01,32,75.31,50.85,28.15,51.03,61.51,34.8,0,2.61,24.68,40.96,50,,
46,Terni,43.86,100,39,47.58,,44.99,,56.5,39,28.94,58.67,26.99,30.73,55.32,49.85,65.68,30.11,37.06,100,,,
47,Udine,42.99,100,58.21,55.1,,15.66,,61.38,58.21,0,68.29,30.59,6.03,22.64,5.27,55.68,70.08,62.37,57.83,,,
48,Lecco,42.75,100,55.29,41.46,,31.51,,49.2,55.29,8.07,37.68,48.48,17.97,41.32,,34.77,87.81,51.84,19.28,,,
49,Pesaro,42.56,100,92.51,35.13,83.33,0.03,86,56.75,92.51,62.78,36,33.5,0.06,0,53.55,68.28,39.59,37.06,85.54,100,83.33,
50,Grosseto,42.52,100,95.86,22.93,,8.77,,83.96,95.86,64.38,19.57,29.18,3.56,12.55,20.22,100,69.75,99.13,,,,
51,Nuoro,42.25,100,3.49,61.86,,61.39,,,3.49,12.27,93.77,2.61,50.21,69.49,2.5,,,,,,,
52,Ancona,41.71,100,5.49,35.52,,84.11,,61.71,5.49,19.66,31.35,43.26,67.86,95.87,5.49,57.75,64.49,51.37,77.11,,,
53,Monza,40.77,100,22.61,36.32,,63.37,,28.71,22.61,0.44,37.05,34.96,12.79,100,0.64,19,36.7,17.75,46.99,,,
54,Taranto,40.32,100,12.93,53.94,,54.08,,74.47,12.93,0,52.75,56.15,14.87,82.48,0,68.28,66.47,79.13,87.95,,,
55,L’Aquila,38.75,100,0,47.65,,68.6,21.5,98.95,0,0,73.31,0,25.23,100,,100,100,99.66,95.18,25,,
56,Sassari,38.64,100,0,35.48,,80.44,,86.43,0,,40.64,25.89,100,66.27,,72.5,78.72,100,100,,,
57,Rovigo,38.61,100,45.52,49.68,,20.62,,21.97,45.52,100,61.96,26.88,1.75,34.29,19.34,49.8,0.52,,13.25,,,
58,Genova,38.57,100,1.21,31.52,,82.98,,51.47,1.21,0.82,0,90.07,95.71,73.76,7.92,17.56,93.45,91.37,0,,,
59,Roma,38.51,100,0,32.48,,83.05,,43.41,0,13.63,30.2,36.7,59.65,100,20.51,1.68,45.28,69.49,71.08,,,
60,Perugia,38.39,100,17.28,49.16,,48.72,,76.92,17.28,22.43,72.66,5.51,27.56,64.04,,64.99,75.16,78.39,95.18,,,
61,Gorizia,38.38,100,33.99,65.01,,16.15,,72.44,33.99,26.22,83.9,29.92,3.25,25.5,29.05,68.28,87.09,70.61,62.65,,,
62,Arezzo,37.82,100,35.39,42.3,,35.76,,71.53,35.39,16.88,52.71,22.98,30.78,39.37,18.8,57.75,68.1,69.68,98.8,,,
63,Rieti,37.43,100,45.12,26.64,,40.53,,80.13,45.12,33.42,35.61,9.98,21.31,54.45,,76.71,89.38,94.29,,,,
64,Chieti,36.23,100,0,68.72,,39.96,,73.31,0,89.35,90.66,27.98,17.72,56.06,,71.33,78.92,62.23,83.13,,,
65,Savona,35.57,100,15.89,20.47,,70.36,,81.28,15.89,12.49,0,58.48,42.1,90.82,,68.93,100,100,53.01,,,
66,Avellino,35.09,100,0,75.01,,30.26,,46.17,0,0,94.75,38.36,22.42,35.93,25.34,59.85,11.14,27.52,92.77,,,
67,Varese,34.87,100,14.66,45.53,,44.41,,53.87,14.66,100,52.91,31.83,29.66,55.09,15.99,37.19,77.58,50.85,53.01,,,
68,Novara,34.75,100,12.65,46.65,,44.94,,48.86,12.65,3.67,47.86,44.41,64.34,30.9,,28.24,53.82,48.93,73.49,,,
69,Prato,34.39,100,27.43,52.46,,23.29,,52.28,27.43,10.85,53.81,49.95,33.36,16,,49.31,60.55,60.15,,,,
70,Como,33.8,100,4.29,40.75,,56.37,,31.26,4.29,41.65,40.31,41.57,35,71.84,,6.4,57.59,50.14,12.05,,,
71,Brindisi,33.73,100,27.83,37.35,,36.02,,76.1,27.83,38.44,35.91,40.03,0,62.1,,72.5,69.95,77.08,87.95,,,
72,Campobasso,33.58,100,7.48,64.38,,28.87,,73.47,7.48,10.01,93.05,11.14,15.21,38.76,,35.78,90.05,84.75,95.18,,,
73,Asti,32.58,100,31.85,43.5,,22.39,,34.75,31.85,6.62,52.33,27.1,26.44,19.46,,45.1,15.93,27.52,51.81,,,
74,Enna,32.25,100,19.45,46.35,,30.96,,91.57,19.45,36.33,60.35,20.34,34.14,28.65,,100,100,100,57.83,,,
75,Crotone,30.91,100,18.12,61.12,,13.5,,,18.12,10.14,73.04,38.97,0,23.27,,,,,,,,
76,Alessandria,28.99,100,25.65,44.23,,17.08,,34.41,25.65,0,48.37,36.53,1.86,28.11,0.8,34.56,11.14,40.69,55.42,,,
77,Reggio Calabria,28.65,100,1.21,66.77,,17.97,,,1.21,13.74,86.59,29.96,0,30.99,0,,,,,,,
78,Isernia,28.03,100,10.97,54.44,,18.68,,79,10.97,100,83.75,0,10.4,24.67,58.04,100,,,,,,
79,Lecce,27.9,100,51.37,29.81,,2.52,21.5,58.53,51.37,23.31,35.42,19.39,1.43,3.31,8.49,59.85,56.78,72.8,,25,,
80,Caserta,27.84,100,3.3,80.22,,0,,59.34,3.3,0,100,43.5,0,0,98.35,40.88,30.7,77.6,100,,,
81,Lucca,27.83,100,25.75,30.66,,27.07,,47.75,25.75,100,34.53,23.48,16.49,34.74,61.76,59.85,50.33,,,,,
82,Potenza,27.63,100,0,56.34,,26.54,,87.51,0,6.22,86.67,0,5.54,41.75,,97.79,98.45,,83.13,,,
83,Imperia,26.79,100,30.04,35.39,,14.94,,,30.04,0,29.16,46.95,1.36,24.77,9.64,,,,,,,
84,Macerata,26.51,100,2.19,49.76,,27.58,,80.7,2.19,18.16,63.98,23.36,11.97,38.89,,72.5,89.38,84.75,77.11,,,
85,Caltanissetta,26.26,83.2,0,58.78,,,,60.61,0,0.73,80.4,18.64,,,,72.5,68.05,,,,,
86,Livorno,25.98,100,9.22,26,,42.73,,67.42,9.22,34.63,7.98,59.48,37.4,46.59,25.22,51.42,79.32,90.97,,,,
87,Frosinone,25.96,100,25.11,35.36,,17.42,,45.32,25.11,,54.4,0,0,30.04,,30.35,18.26,46.6,100,,,
88,Siracusa,25.92,100,36.03,41.69,,0.05,,61.73,36.03,41.18,54.39,18.09,0.11,0,,65.47,37.22,75.22,69.88,,,
89,Napoli,25.27,100,0,71.11,,4.69,,32.35,0,26.42,80.72,53.27,11.16,0,12.51,0,21.1,46.6,77.11,,,
90,Foggia,25.25,91.6,28.53,47.22,,0,,64.68,28.53,4.36,48.09,45.61,0,,,64.07,60.93,84.75,,,,
91,Trapani,24.98,83.2,2.08,52.87,,,,75.7,2.08,,73.4,14.74,,,,68.28,82.27,,100,,,
92,Palermo,24.93,100,8.29,64.13,,2.38,,43.25,8.29,71.95,73.57,46.61,5.67,0,0,0,35.33,62.5,93.98,,,
93,Bari,24.33,100,18.92,32.67,,21.4,0,62.31,18.92,64.11,18.35,59.27,12,28.2,8.24,33.51,62.46,76.19,87.95,0,,
94,Ragusa,24.1,100,8.62,63.63,,0.06,,76.25,8.62,58.43,90.87,13.03,0.15,0,12.82,97.79,57.38,65.68,80.72,,,
95,Matera,23.97,83.2,3.43,48.48,,,,,3.43,,54.38,37.53,,,,,,,,,,
96,Ascoli Piceno,23.48,100,7.8,32.28,,30.37,,78.38,7.8,66.48,41.57,15.04,2.8,50.33,0,47.21,100,100,71.08,,,
97,Biella,23.42,100,32.99,37.27,,0,,75.07,32.99,69.41,50.58,12.56,0,0,,45.1,92.94,81.89,89.16,,,
98,Messina,23.39,100,0.05,51.38,,18.74,,55.56,0.05,25.9,60.07,35.25,8.28,26.32,,40.88,57.38,84.75,,,,
99,Pistoia,23.27,100,26.03,34.13,,9.64,,63.25,26.03,28.2,37.21,28.41,22.95,0,29.93,72.5,74.8,,,,,
100,Agrigento,19.46,100,0,42.8,,15.59,,77.01,0,2.48,64.36,2.75,5.12,23.17,0,93.58,60.93,,93.98,,,
101,Vibo Valentia,19.37,100,0,58.12,,0,,,0,0.03,89.41,0,0,0,,,,,,,,
102,Fermo,16.44,100,3.14,25.56,,20.62,,,3.14,,31.32,14.85,8.68,29.26,0,,,,,,,
103,Latina,16.08,100,14.68,32.98,,0.58,,73.13,14.68,5.35,38.64,22.48,1.37,0,,48.61,65.68,94.29,92.77,,,
104,Salerno,10.71,100,0,27.64,,4.49,,67.03,0,4.74,17.43,46.61,10.68,0,24.45,47.21,46.71,84.75,100,,,
105,Catania,8.6,100,6.15,15.75,,3.89,,40.72,6.15,13.53,24.02,0.38,0,6.7,0.21,0,18.26,75.22,86.75,,,
106,Viterbo,8.29,100,3.54,12.33,,8.99,,75.04,3.54,15.82,16.59,4.42,5.89,11.24,0.79,51.42,96.5,100,,,,
